study_id,gene,cpg_region,intervention_type,intervention_detail,tissue,cell_type,sample_size_n,direction,effect_size,p_value,method,quality_notes,doi;
Yehuda_2015_F0,FKBP5,intron7_bin3_site6,stress,Holocaust exposure (concentration camp torture persecution),blood,peripheral blood,32,hyper,5.06,0.046,pyrosequencing,Small sample (n=32 exposed). Cross-sectional. Intergenerational design - F0 and F1 show opposite directions at same site.,10.1016/j.biopsych.2015.08.005;
Yehuda_2015_F1,FKBP5,intron7_bin3_site6,stress,Intergenerational Holocaust exposure (parental trauma no direct exposure),blood,peripheral blood,22,hypo,-4.45,0.034,pyrosequencing,Small sample (n=22 offspring). Intergenerational - opposite direction to F0. Parental PTSD as potential confounder.,10.1016/j.biopsych.2015.08.005;
McGowan_2009,NR3C1,exon1F_promoter,stress,childhood abuse (sexual - physical - neglect) in suicide victims,brain,hippocampus (postmortem),36,hyper,NaN,NaN,sodium bisulfite mapping,Postmortem tissue - no live subjects. Three-group comparison: abused suicide vs nonabused suicide vs controls. Brain tissue not blood - unique in dataset.exact p-value not reported; P < 0.05 for abused vs controls comparison,10.1038/nn.2270;
Nothling_2025,FKBP5,intron7_CpG1-CpG5,stress,childhood trauma (sexual - physical - emotional - neglect - domestic violence) in rape survivors,blood,peripheral blood,96,mixed,NaN,0.0005,EpiTYPER Sequenom MassArray,Longitudinal (baseline/3m/6m post-rape). Direction depends on rs1360780 genotype: CC=negative correlation with trauma; CT/TT=positive correlation. No overall hyper/hypo direction reportable.,10.1080/20008066.2025.2485707
Peng_2018_BDNF,BDNF,promoter_CpG_multiple,stress,childhood trauma (physical - emotional - sexual - general abuse),blood,peripheral blood leukocytes,168,hyper,NaN,0.002,bisulfite pyrosequencing,MZ twin pairs design. Multiple CpGs - hypermethylation at 2 sites associated with childhood trauma. Gene-based q<0.0003. THS discovery sample only.,10.1097/PSY.0000000000000604
Peng_2018_NR3C1,NR3C1,promoter_CpG_multiple,stress,childhood trauma (physical - emotional - sexual - general abuse),blood,peripheral blood leukocytes,168,hyper,NaN,0.007,bisulfite pyrosequencing,MZ twin pairs design. Multiple CpGs - hypermethylation at 5 sites associated with childhood trauma. Gene-based q<0.0003. THS discovery sample only.,10.1097/PSY.0000000000000604
Lee_2022,BDNF,"Promoter I (CpG1-4, -694 to -654 rel. exon I)",stress,"childhood trauma (CTQ) in PTSD patients and healthy controls; moderated by OXTR rs53576 genotype",blood,whole blood DNA,180,mixed,NaN,0.0154,bisulfite pyrosequencing,"No main effect of trauma exposure on BDNF methylation in full sample (p=.114 for mean CpG). Significant hypermethylation only in G-OXTR carriers with high CTQ within the healthy control subgroup (interaction effect, not main effect). No significant findings in PTSD group. Interpret with caution — effect is genotype-dependent.",10.1016/j.jad.2022.03.020
Stroud_2024,NR3C1,"Promoter exon 1F (13 CpG sites, human homolog rat exon 17)",stress,"lifetime trauma exposure + current PTSD symptoms during pregnancy (three groups: -T, T-S, T+S)",placental tissue,"placental tissue (villous, maternal decidua excluded)",166,mixed,"-T=1.50% T-S=1.43% T+S=2.04% (overall raw methylation)",0.003,bisulfite pyrosequencing,"T+S group showed higher methylation than -T at CpG6/CpG8/CpG9/CpG13 (hyper) but lower methylation at CpG5 (hypo) - direction not uniform across sites. No difference between T-S and -T groups; PTSD symptoms (not trauma exposure alone) drove the effect.",10.1080/10253890.2024.2321595
Stroud_2024,FKBP5,"Intron 7 regulatory region (CpG1, CpG2)",stress,"lifetime trauma exposure + current PTSD symptoms during pregnancy (three groups: -T, T-S, T+S)",placental tissue,"placental tissue (villous, maternal decidua excluded)",156,no_change,NaN,0.05,bisulfite pyrosequencing,"No significant differences between trauma groups overall or at either CpG site (all p greater than 0.05). Contrasts with blood-based Holocaust studies showing FKBP5 effects - may reflect tissue difference.",10.1080/10253890.2024.2321595
Efstathopoulos_2018,NR3C1,"exon 1F CpG2 (near NGFI-A binding site)",stress,"chronic social stress: being bullied (self-reported, early adolescence)",saliva,,1129,hyper,,,pyrosequencing,"Cross-sectional; OR=1.89 (95%CI 1.08-3.32) for high vs unmethylated CpG2 category in bullied vs not-bullied; no exact p-value reported (only CI, excludes 1); effect reported as categorical proportion difference (10.0% high-methylation in bullied vs 5.6% in not-bullied), not continuous mean methylation difference",10.1038/s41398-018-0169-8
Efstathopoulos_2018,NR3C1,"exon 1F CpG2 (near NGFI-A binding site)",stress,"chronic social stress: lack of friends in school (self-reported, early adolescence)",saliva,,1135,hyper,,,pyrosequencing,"Cross-sectional; OR=2.30 (95%CI 1.09-4.86) for high vs unmethylated CpG2 category, no friends vs friends; no exact p-value (only CI); same cohort/CpG as bullying row above (KUPOL, N total=1149)",10.1038/s41398-018-0169-8
Jones_2025,NR3C1,"cg06613263 (gene body, North Shore region, ~2kb upstream of CpG island)",stress,"maternal perceived stress during pregnancy (continuous Perceived Stress Scale T-score)",blood,"cord blood or newborn dried blood spot (mixed)",661,hyper,"0.021% increase per 1-unit increase in PSS T-score",0.00027,"Illumina 450K/EPIC BeadChip; linear regression meta-analyzed across platforms","Significant after Bonferroni correction (threshold P<.0007; BH-adjusted P=.019); adjusted for maternal age, depression, prenatal alcohol/tobacco use, education, child sex; effect is per-unit PSS change, not absolute group difference",10.1093/eep/dvaf024
Jones_2025,FKBP5,"26 CpG sites across gene region (450K/EPIC overlap)",stress,"maternal perceived stress during pregnancy (PSS T-score continuous); TRANSGENERATIONAL: exposure measured in mother methylation measured in newborn",blood,"cord blood or newborn dried blood spot (mixed)",661,mixed,613.45,0.024,"Illumina 450K/EPIC BeadChip; SKAT gene-based test (linear kernel; unweighted)","TRANSGENERATIONAL design (exposure=mother; outcome=newborn). Effect_size = SKAT Q statistic (linear unweighted; primary test). Mean methylation burden test was null (P=.81) — discrepancy attributed to CpG sites acting independently with different directions/magnitudes within gene. Sex-stratified: association driven by females (P=.004); null in males (P=.60); SKAT-O secondary test only approached significance (P=.055). No single CpG in FKBP5 survived Bonferroni or BH-FDR correction.",10.1093/eep/dvaf024
Oren_2025,FKBP5,cg08915438 (TC21 site),stress,"transgenerational trauma exposure - 3rd/4th-generation Holocaust descendant vs non-descendant",saliva,,186,hypo,"median beta 0.53 (non-desc) vs 0.51 (desc)",,Illumina Infinium MethylationEPIC v2 BeadChip; Bayesian mixed-effects (brms),"Bayesian analysis - no classical p-value; 95% credible interval excludes 0; n=186 descendants (case) vs n=185 non-descendants (control); adjusted for sex, age, batch, epithelial/fibroblast %, ACEs",10.1038/s41598-025-12085-5
Oren_2025,NR3C1,cg21979215 (BC21 site),stress,"transgenerational trauma exposure - 3rd/4th-generation Holocaust descendant vs non-descendant",saliva,,186,hyper,"mean beta 0.78 (non-desc) vs 0.80 (desc)",,Illumina Infinium MethylationEPIC v2 BeadChip; Bayesian mixed-effects (brms),"Bayesian analysis - no classical p-value; 95% credible interval excludes 0; n=186 descendants (case) vs n=185 non-descendants (control); adjusted for sex, age, batch, epithelial/fibroblast %, ACEs",10.1038/s41598-025-12085-5
Wiley_2023,FKBP5,"CpG site 1 (exact position not detailed in extracted text; region selected following Braithwaite 2015, Kertes 2016, Monk 2016)",stress,"maternal hair cortisol concentration, 30 weeks gestation (continuous HPA-axis biomarker) - MATERNAL EXPOSURE",saliva,,50,hypo,B=-17.041,.001,PyroMark Q24 pyrosequencing; multivariable regression,"NOTE: transgenerational design - exposure (hair cortisol) measured in the MOTHER during pregnancy; methylation measured in the INFANT at 12 months (saliva); not self-exposure like other studies in the dataset; n=50 is the intersection with complete data (subsample of total n=80); adjusted for intervention group, medication use, infant sex",10.1002/dev.22352
Wiley_2023,FKBP5,"CpG site 2 (exact position not detailed in extracted text; region selected following Braithwaite 2015, Kertes 2016, Monk 2016)",stress,"maternal hair cortisol concentration, 30 weeks gestation (continuous HPA-axis biomarker) - MATERNAL EXPOSURE",saliva,,50,hypo,B=-10.461,.007,PyroMark Q24 pyrosequencing; multivariable regression,"NOTE: transgenerational design - exposure (hair cortisol) measured in the MOTHER during pregnancy; methylation measured in the INFANT at 12 months (saliva); not self-exposure like other studies in the dataset; n=50 is the intersection with complete data (subsample of total n=80); adjusted for intervention group, medication use, infant sex",10.1002/dev.22352
daSilvaRodrigues_2024,BDNF,cg12021170 (TSS1500; opensea),exercise,"14-week combined training (aerobic+resistance) 3x/week 60min, non-Alzheimer women 50-70y",blood,,40,hypo,beta=-0.029,.039,Illumina EPIC Infinium Methylation BeadChip; chAMP pipeline; BH-adjusted,"pre-post design with no separate control group (n=40, same group before/after); small beta values typical of array data",10.1016/j.exger.2024.112362
daSilvaRodrigues_2024,BDNF,cg08760147 (Body; opensea),exercise,"14-week combined training (aerobic+resistance) 3x/week 60min, non-Alzheimer women 50-70y",blood,,40,hypo,beta=-0.022,.042,Illumina EPIC Infinium Methylation BeadChip; chAMP pipeline; BH-adjusted,"pre-post design with no separate control group (n=40, same group before/after); small beta values typical of array data",10.1016/j.exger.2024.112362
daSilvaRodrigues_2024,BDNF,cg11241206 (TSS1500; shore),exercise,"14-week combined training (aerobic+resistance) 3x/week 60min, non-Alzheimer women 50-70y",blood,,40,hyper,beta=0.01,.046,Illumina EPIC Infinium Methylation BeadChip; chAMP pipeline; BH-adjusted,"pre-post design with no separate control group (n=40, same group before/after); small beta values typical of array data",10.1016/j.exger.2024.112362
Cho_2025,BDNF,cg05189570,exercise,"6-month aerobic exercise RCT (postmenopausal women with breast cancer) vs usual care",blood,,117,mixed,"F(gxt)=8.546",.005,Illumina EPIC Infinium Methylation BeadChip; linear mixed-effects; group-by-time interaction,"only a group-by-time effect reported (F=8.546 p=.005); the article does not assign a single hyper/hypo direction to exercise - this is a statistical interaction effect, not a simple directional change; modest a priori statistical power (0.521) for group-by-time effects; n=117 total (61 exercise/56 control)",10.1007/s11357-025-02004-x
Cho_2025,BDNF,cg08362738,exercise,"6-month aerobic exercise RCT (postmenopausal women with breast cancer) vs usual care",blood,,117,mixed,"F(gxt)=4.456",.038,Illumina EPIC Infinium Methylation BeadChip; linear mixed-effects; group-by-time interaction,"only a group-by-time effect reported (F=4.456 p=.038); the article does not assign a single hyper/hypo direction to exercise - this is a statistical interaction effect, not a simple directional change; modest a priori statistical power (0.521); n=117 total (61 exercise/56 control)",10.1007/s11357-025-02004-x
Cho_2025,BDNF,cg12067298,exercise,"6-month aerobic exercise RCT (postmenopausal women with breast cancer) vs usual care",blood,,117,mixed,"F(gxt)=7.133",.009,Illumina EPIC Infinium Methylation BeadChip; linear mixed-effects; group-by-time interaction,"only a group-by-time effect reported (F=7.133 p=.009); the article does not assign a single hyper/hypo direction to exercise - this is a statistical interaction effect, not a simple directional change; modest a priori statistical power (0.521); n=117 total (61 exercise/56 control)",10.1007/s11357-025-02004-x
Cho_2025,BDNF,cg20340655,exercise,"6-month aerobic exercise RCT (postmenopausal women with breast cancer) vs usual care",blood,,117,mixed,"F(gxt)=7.799",.006,Illumina EPIC Infinium Methylation BeadChip; linear mixed-effects; group-by-time interaction,"only a group-by-time effect reported (F=7.799 p=.006); the article does not assign a single hyper/hypo direction to exercise - this is a statistical interaction effect, not a simple directional change; modest a priori statistical power (0.521); n=117 total (61 exercise/56 control)",10.1007/s11357-025-02004-x
Santos_2018,NR3C1,"exon 1F promoter, CpG1-CpG2",stress,"everyday discrimination exposure (EDS), pregnancy/postpartum",blood,NaN,147,hypo,NaN,0.004,bisulfite pyrosequencing,"RR from ZIP regression not % methylation diff; CpG1 RR=0.85 p=0.008 (T1 only); CpG2 RR=0.84 p=0.004 (T1), RR=0.84 p=0.025 (T2); adjusted for demographics+IDAS-GD depression; BH-FDR corrected; intervention_type=stress is a judgment call (discrimination as chronic psychosocial stressor)",10.1016/j.psyneuen.2018.08.014
Santos_2018,BDNF,"promoter IV, CpG5-CpG7",stress,"everyday discrimination exposure (EDS), pregnancy/postpartum",blood,NaN,147,hypo,NaN,0.004,bisulfite pyrosequencing,"CpG6 RR=0.86 p=0.004 (T1), RR=0.89 p=0.025 (T2); CpG7 RR=0.92 p=0.004 (T1), RR=0.92 p=0.025 (T2); CpG5 only sig at T2 RR=0.86 p=0.025; consistent negative direction across timepoints; same cohort/design as NR3C1 row above",10.1016/j.psyneuen.2018.08.014
Santos_2018,FKBP5,"intron 7, CpG1",stress,"everyday discrimination exposure (EDS), pregnancy/postpartum",blood,NaN,147,hypo,NaN,0.001,bisulfite pyrosequencing,"RR=0.85 p<0.001 at T1; not significant at T2 (RR=0.97 p=0.442); single CpG effect, does not persist over time",10.1016/j.psyneuen.2018.08.014
Moser_2015,BDNF,"promoter/exon IV, CpG3 (mean of 4 CpGs also reported)",stress,"childhood exposure to domestic violence / IPV-related trauma",saliva,NaN,54,hyper,NaN,0.003,bisulfite pyrosequencing,"rs=0.404 CpG3 x childhood domestic violence, survives Bonferroni; overall mean methylation correlation rs=0.286 p=0.040 does NOT survive Bonferroni; Spearman correlational design not group comparison; sample = 20 controls + 8 subthreshold + 25(18 with MRI) IPV-PTSD mothers within n=54/46",10.1371/journal.pone.0143427
Saadatmand_2022,NR3C1,"promoter region, ~0.5kb from TSS (chr5:143,404,044-143,404,076)",stress,"Self-reported chronic stress and exposure to violence (ETV) in young AA adults 18-25y; exposure and methylation measured in same individuals",saliva,"not specified (whole saliva DNA)",48,hypo,-1.969,0.043,Bisulfite pyrosequencing,"Male-only subgroup (n=48) significant (beta=-1.969, SE=0.946); whole-cohort (n=98) ETV correlation same direction but only nominal (p=0.053); cross-sectional design, no correction for multiple comparisons; direction (hypomethylation with stress) is opposite to classic hypermethylation pattern seen in McGowan 2009 - flag for consistency analysis",10.1371/journal.pone.0273717
Saadatmand_2022,FKBP5,"chr6:35,558,486-35,558,567 (overlaps the intron 7 region used by Tyrka 2015 and Klengel 2013)",stress,"Self-reported chronic stress and exposure to violence (ETV) in young AA adults 18-25y; exposure and methylation measured in same individuals",saliva,"not specified (whole saliva DNA)",48,no_change,NaN,0.144,Bisulfite pyrosequencing,"No significant association with stress (males p=.144, beta=-9.263; females p=.667, beta=-1.618) nor with ETV (males p=.410; females p=.303). Only significant FKBP5 finding in this article was baseline methylation difference between sexes (p=.0158) - not a response to intervention, not included. n=48 corresponds to the male subgroup (result closest to significance); same sample and design as the study already included for NR3C1.",10.1371/journal.pone.0273717
Griffith_2025,NR3C1,"exon 1F, CpG17 and CpG31 (of 31 CpG sites)",stress,"NICU early life stress (acute stress event frequency + chronic stress event hours) in preterm infants 26-34wk GA; exposure and methylation measured in same individuals",buccal,buccal epithelial cells,10,hyper,NaN,0.004,Bisulfite NGS deep amplicon sequencing,"Very small pilot study (N=10); exploratory Spearman correlations, authors explicitly note no correction for multiple comparisons; CpG31 also significant (rho=0.85, p=0.004); buccal sample collected at 34 weeks PMA; higher methylation also linked to lower engagement/physiologic stability scores and longer transition to full oral feeding",10.1097/ANC.0000000000001208
Bierer_2020,FKBP5,"intron 7, site 6 (mean of sites 3-6 also reported)",stress,"INTERGENERATIONAL: maternal (mostly) Holocaust trauma exposure occurred in PARENTS; methylation measured in ADULT OFFSPRING, not the exposed individuals; effect strongest when mother was exposed during her own childhood (<=11y)",blood,"whole blood / PBMC (mixed across two sub-cohorts)",187,hypo,-2.62,0.013,Bisulfite pyrosequencing,"Total sample: offspring n=147 (mean=64.87%) vs controls n=40 (mean=67.49%), analysis df=180 due to missing covariate data; maternal-childhood-exposure subgroup vs control comparison much stronger (p<0.0005, n=29 vs n=40); no significant paternal-only effect; direction (hypomethylation) is opposite to hypermethylation seen in the directly-exposed Holocaust survivors themselves; structurally analogous to McGowan 2009 already in dataset",10.1176/appi.ajp.2019.19060618
Tyrka_2015,FKBP5,"intron 7, CpG1 (chr6:35558488) and CpG2 (chr6:35558514)",stress,"childhood maltreatment (substantiated, moderate-severe, past 6 months), preschool-aged children",saliva,"saliva DNA (mixture of leukocytes and buccal epithelial cells)",174,hypo,"-1.32% methylation (CpG1: 88.53%→87.21%; CpG2: 89.13%→87.81%)","0.002 (CpG1); 0.023 (CpG2)",bisulfite pyrosequencing,"Preschool-aged sample (3-5 years); maltreatment coded from child protective service records (not retrospective self-report). Trend-level association with lifetime contextual stress (CpG1 r=-.14, p=.064) and with adversity composite (CpG1 r=-.17, p=.026). No main effect of rs1360780 genotype; trend-level genotype×lifetime stress interaction (p=.082). Direction consistent with Klengel et al. 2013 (hypomethylation with adversity).",10.1017/S0954579415000991
Grossmann_2024,FKBP5,"34 variable CpGs across the entire FKBP5 locus (chr6:35490554-35704310, hg19); main nominal hit at chr6:35693881 (3' end)",stress,"childhood maltreatment measured by continuous CTQ score (retrospective self-report), general adult population sample",blood,"whole blood",203,mixed,"β=-0.063 at CpG chr6:35693881 (nominal effect only); interaction models with rs1360780 genotype showed mixed directions at the 3' end (4 CpGs positive, 1 negative)","0.049 (nominal, uncorrected; does not survive Bonferroni threshold 0.05/34=0.0015)","targeted bisulfite sequencing (Illumina MiSeq)","No effect survived correction for multiple testing (small sample; only detectable at Cohen's f>0.1). CM assessed via retrospective CTQ (recall bias risk); continuous regression design in general population sample, not case-control. Contrasts with Tyrka 2015 and Klengel 2013, which found significant hypomethylation at intron 7 associated with maltreatment - here the main effect at intron 7 was not significant (only nominal PHQ-9 x genotype interaction in that region). Negative/mixed finding relevant to the project's consistency analysis.",10.3390/ijms25031485
Shields_2016,NR3C1,"CpG island shore, proximal promoter (chr5:143401272, ~2.8kb downstream of exon 1F)",stress,"retrospective self-report of childhood physical abuse, high frequency (score >=3) vs no childhood abuse",blood,leukocyte (buffy coat DNA),295,hyper,2.20,0.008,"Pyrosequencing; multivariable linear regression","Novel CpG island shore site downstream of NR3C1 exon 1F promoter - NOT the canonical exon 1F CpG island most other studies target; direct comparison across studies should account for this. Effect_size = beta (% methylation difference vs no-abuse referent); p_value is the p-trend across low/intermediate/high abuse frequency categories (dose-response confirmed). Adjusted for age and parental education. Cohort: African-American women only (Black Women's Health Study) - homogeneous sex/ethnicity sample. Emotional support in childhood attenuated association only in highest-severity subgroups but numbers were very small (inconclusive).",10.2217/epi-2016-0074
Bakusic_2021,NR3C1,"CpG21, amplicon 1 (NGFI-A binding site, NR3C1 1F region)",stress,"chronic work-related stress/burnout (clinically diagnosed burnout vs healthy control, cross-sectional)",blood,whole blood leukocyte DNA,119,hyper,NA,0.002,"Pyrosequencing; Mann-Whitney U test (Bonferroni-corrected)","Cross-sectional case-control design - no causal inference possible. N=119 is post-QC methylation subsample (52 burnout + 67 control). CpG21 overlaps NGFI-A transcription factor binding site. Methylation of this amplicon also correlated with burnout symptoms (exhaustion, cynicism) and job stress in partial correlation (controlled for age, sex, smoking, WBC count). Effect_size not reported as a single beta in the group comparison (Mann-Whitney U on % methylation); see quality notes.",10.1016/j.jad.2021.08.081
Bakusic_2021,NR3C1,"CpG30, amplicon 3 (NGFI-A binding site, NR3C1 1F region)",stress,"chronic work-related stress/burnout (clinically diagnosed burnout vs healthy control, cross-sectional)",blood,whole blood leukocyte DNA,119,hypo,NA,0.004,"Pyrosequencing; Mann-Whitney U test (Bonferroni-corrected)","Cross-sectional case-control design - no causal inference possible. N=119 is post-QC methylation subsample. CpG30 overlaps NGFI-A binding site. Same gene shows OPPOSITE direction at CpG21 (hyper) vs CpG30 (hypo) - genuine within-gene inconsistency, relevant to your directional consistency analysis. Average NR3C1 methylation negatively associated with cortisone in burnout group only (group x methylation interaction P=0.044).",10.1016/j.jad.2021.08.081
Hummel_2022,NR3C1,"promoter exon 1F","stress","Psychotherapy for PTSD (in-patient trauma-focused treatment, mean 6.5wk); pre- vs post-intervention comparison in isogenic monocyte samples",blood,"CD14+ monocytes",53,no_change,-0.019,0.196,"targeted deep bisulfite sequencing (DBS)","Intervention is psychotherapy/treatment response, not lifestyle exposure per se - confirm fit under 'stress' category. Equivalence test: true effect size <1% methylation change (95% CI diff in responders: 0.00% [-0.06,0.07]). BF01=3.05 favors null.",10.1038/s41598-022-22177-1
Hummel_2022,FKBP5,"intron 7 (5 CpGs)","stress","Psychotherapy for PTSD (in-patient trauma-focused treatment, mean 6.5wk); pre- vs post-intervention comparison in isogenic monocyte samples",blood,"CD14+ monocytes",57,no_change,0.06,0.494,"targeted deep bisulfite sequencing (DBS)","Intervention is psychotherapy/treatment response, not lifestyle exposure per se - confirm fit under 'stress' category. Effect size 0.06% is responder-subgroup delta, 95% CI [-0.28,0.40]. BF01=4.12 favors null.",10.1038/s41598-022-22177-1
Yang_2025,FKBP5,cg22363520,exercise,"Regular exercise (>=3x/week, >=30min/session) vs no exercise; nondiabetic stratum, Taiwan Biobank cross-sectional cohort",blood,"whole blood (unspecified fraction)",998,hypo,-0.00195,0.0157,"Illumina Infinium MethylationEPIC BeadChip array","CROSS-SECTIONAL design, not pre/post intervention — compares habitual exercisers vs non-exercisers, confirm fit against your baseline criterion before finalizing. Significant diabetes x exercise interaction for this CpG (p=0.0336) — direction reverses in diabetic stratum (see next row).",10.1155/jdr/1162708
Yang_2025,FKBP5,cg22363520,exercise,"Regular exercise (>=3x/week, >=30min/session) vs no exercise; diabetic stratum, Taiwan Biobank cross-sectional cohort",blood,"whole blood (unspecified fraction)",105,no_change,0.00312,0.2207,"Illumina Infinium MethylationEPIC BeadChip array","CROSS-SECTIONAL design, not pre/post intervention. Trend toward hypermethylation with exercise in diabetics but not significant (p=.22) -- opposite direction from nondiabetic stratum. Illustrates diabetes-exercise interaction rather than a clean directional effect.",10.1155/jdr/1162708
Yang_2025,FKBP5,cg00862770,exercise,"Regular exercise (>=3x/week, >=30min/session) vs no exercise; nondiabetic stratum, Taiwan Biobank cross-sectional cohort",blood,"whole blood (unspecified fraction)",998,no_change,0.00042,0.5766,"Illumina Infinium MethylationEPIC BeadChip array","CROSS-SECTIONAL design, not pre/post intervention. No significant effect of exercise on this CpG in nondiabetics.",10.1155/jdr/1162708
Yang_2025,FKBP5,cg00862770,exercise,"Regular exercise (>=3x/week, >=30min/session) vs no exercise; diabetic stratum, Taiwan Biobank cross-sectional cohort",blood,"whole blood (unspecified fraction)",105,hypo,-0.00611,0.0081,"Illumina Infinium MethylationEPIC BeadChip array","CROSS-SECTIONAL design, not pre/post intervention. Significant hypomethylation with exercise only in diabetic stratum; diabetes x exercise interaction p=0.0021.",10.1155/jdr/1162708
Willmer_2022,FKBP5,"intron 7, CpG542 (137847bp from TSS)",exercise,"12-week supervised aerobic+resistance training, moderate/vigorous intensity 40-60min x4/week; South African women with obesity",other,"gluteal subcutaneous adipose tissue (GSAT)",19,hyper,4,0.019,"bisulfite pyrosequencing","Effect genotype-dependent: significant hypermethylation driven by rs1360780 CT carriers (p=0.027); CC carriers showed no change. Diet held constant during intervention (participants instructed to maintain usual diet).",10.1038/s41598-022-15678-6
Willmer_2022,FKBP5,"intron 7, CpG543 (137872bp from TSS)",exercise,"12-week supervised aerobic+resistance training, moderate/vigorous intensity 40-60min x4/week; South African women with obesity",other,"gluteal subcutaneous adipose tissue (GSAT)",19,no_change,1.8,"not significant (exact p not reported, ns per text)","bisulfite pyrosequencing","Increase not statistically significant in overall exercise group. Genotype-stratified: CT carriers showed significant hypermethylation (p=0.018); CC carriers unchanged.",10.1038/s41598-022-15678-6
Willmer_2022,FKBP5,"intron 7, CpG542 (137847bp from TSS)",exercise,"12-week supervised aerobic+resistance training, moderate/vigorous intensity 40-60min x4/week; South African women with obesity",other,"abdominal subcutaneous adipose tissue (ASAT)",19,hyper,9,"<0.001 (per figure significance stars, exact value not in text)","bisulfite pyrosequencing","Both CC and CT genotypes showed hypermethylation in this tissue (unlike GSAT, where only CT responded). CpG543 methylation positively associated with change in LDL (rs=0.498, p=0.03).",10.1038/s41598-022-15678-6
Willmer_2022,FKBP5,"intron 7, CpG543 (137872bp from TSS)",exercise,"12-week supervised aerobic+resistance training, moderate/vigorous intensity 40-60min x4/week; South African women with obesity",other,"abdominal subcutaneous adipose tissue (ASAT)",19,hyper,9,"<0.001 (per figure significance stars, exact value not in text)","bisulfite pyrosequencing","Both CC and CT genotypes showed hypermethylation. Change in this CpG positively associated with change in waist circumference (rs=0.578, p=0.01) and with LDL in ASAT.",10.1038/s41598-022-15678-6
Willmer_2022,FKBP5,"intron 7, CpG542+CpG543 (control group)",exercise,"Sedentary control group, no intervention, 12-week observation period; South African women with obesity",other,"gluteal + abdominal subcutaneous adipose tissue (GSAT/ASAT)",12,no_change,NA,">0.05 (both tissues, both CpGs)","bisulfite pyrosequencing","Control comparator for the exercise group above — no significant methylation change observed at either CpG in either tissue over the 12-week period without intervention.",10.1038/s41598-022-15678-6
Voisey_2019,BDNF,cg01546433,stress,"combat-related PTSD diagnosis (chronic/remote trauma exposure, ~50yr post-combat) vs combat-exposed controls without PTSD",blood,whole blood (leukocyte DNA),96,hypo,NaN,0.004835,"Illumina Infinium EPIC array; bisulfite conversion; minfi/SWAN normalisation; beta-values; ANOVA with cell-count covariates","PTSD (n=48) vs combat-exposed non-PTSD controls (n=48); survived Benjamini-Hochberg correction; cross-sectional (methylation not measured pre-trauma); monocyte proportion differed between groups and used as covariate; 70% of PTSD group on psychotropic medication (possible confound, antidepressants known to lower BDNF methylation); exact CpG genomic location (intron/exon/promoter) not given in main text, see Supplementary Table 1 (not available)",10.1016/j.gene.2019.02.067
Voisey_2019,BDNF,cg24650785,stress,"combat-related PTSD diagnosis (chronic/remote trauma exposure, ~50yr post-combat) vs combat-exposed controls without PTSD",blood,whole blood (leukocyte DNA),96,hypo,NaN,0.000259,"Illumina Infinium EPIC array; bisulfite conversion; minfi/SWAN normalisation; beta-values; ANOVA with cell-count covariates","PTSD (n=48) vs combat-exposed non-PTSD controls (n=48); survived Benjamini-Hochberg correction; cross-sectional (methylation not measured pre-trauma); monocyte proportion differed between groups and used as covariate; 70% of PTSD group on psychotropic medication (possible confound, antidepressants known to lower BDNF methylation); this CpG not tested in the exercise arm; exact CpG genomic location not given in main text, see Supplementary Table 1 (not available)",10.1016/j.gene.2019.02.067
Voisey_2019,BDNF,cg00298481,stress,"combat-related PTSD diagnosis (chronic/remote trauma exposure, ~50yr post-combat) vs combat-exposed controls without PTSD",blood,whole blood (leukocyte DNA),96,hypo,NaN,0.000672,"Illumina Infinium EPIC array; bisulfite conversion; minfi/SWAN normalisation; beta-values; ANOVA with cell-count covariates","PTSD (n=48) vs combat-exposed non-PTSD controls (n=48); survived Benjamini-Hochberg correction; cross-sectional (methylation not measured pre-trauma); monocyte proportion differed between groups and used as covariate; 70% of PTSD group on psychotropic medication (possible confound); labelled 'cg002298481' (10-digit id) in the stress-arm results text vs 'cg00298481' (8-digit, standard format) in the exercise-arm results — treated here as the same probe, likely a typo in the original manuscript; exact CpG genomic location not given in main text, see Supplementary Table 1 (not available)",10.1016/j.gene.2019.02.067
Voisey_2019,BDNF,cg04481212,exercise,"self-reported active exercise (>=3x/week) vs inactive, cross-sectional comparison in combat-exposed veterans (pooled across PTSD status)",blood,whole blood (leukocyte DNA),96,hypo,NaN,0.005,"Illumina Infinium EPIC array; bisulfite conversion; minfi/SWAN normalisation; beta-values; ANOVA","Cross-sectional, not a longitudinal intervention; exercise defined by self-report questionnaire; exact n per active/inactive subgroup not reported (only % active by PTSD status: 77% PTSD, 75% non-PTSD); survived Benjamini-Hochberg correction; no BDNF mRNA association with exercise found; this CpG not tested in the stress/PTSD arm; addresses exercise-study gap in NR3C1/BDNF dataset; exact CpG genomic location not given in main text, see Supplementary Table 1 (not available)",10.1016/j.gene.2019.02.067
Voisey_2019,BDNF,cg01546433,exercise,"self-reported active exercise (>=3x/week) vs inactive, cross-sectional comparison in combat-exposed veterans (pooled across PTSD status)",blood,whole blood (leukocyte DNA),96,hypo,NaN,0.025,"Illumina Infinium EPIC array; bisulfite conversion; minfi/SWAN normalisation; beta-values; ANOVA","Cross-sectional, not a longitudinal intervention; exercise defined by self-report questionnaire; exact n per active/inactive subgroup not reported; survived Benjamini-Hochberg correction; no BDNF mRNA association with exercise found; same CpG also significant in stress arm (see separate row) — direction concordant (hypo) in both arms; exact CpG genomic location not given in main text, see Supplementary Table 1 (not available)",10.1016/j.gene.2019.02.067
Voisey_2019,BDNF,cg00298481,exercise,"self-reported active exercise (>=3x/week) vs inactive, cross-sectional comparison in combat-exposed veterans (pooled across PTSD status)",blood,whole blood (leukocyte DNA),96,hypo,NaN,0.035,"Illumina Infinium EPIC array; bisulfite conversion; minfi/SWAN normalisation; beta-values; ANOVA","Cross-sectional, not a longitudinal intervention; exercise defined by self-report questionnaire; exact n per active/inactive subgroup not reported; survived Benjamini-Hochberg correction; no BDNF mRNA association with exercise found; same CpG also significant in stress arm (see separate row) — direction concordant (hypo) in both arms; exact CpG genomic location not given in main text, see Supplementary Table 1 (not available)",10.1016/j.gene.2019.02.067
Rivera_2024,BDNF,cg06979684 (3'UTR Exon I),stress,"Prenatal exposure to 1994 genocide against the Tutsi combined with maternal rape (double-exposed) vs unexposed controls conceived outside Rwanda during the genocide; assessed at age 24",blood,dried capillary blood spot,91,hyper,0.22,4.6e-05,Illumina Infinium MethylationEPIC microarray (bisulfite); multivariable linear model (group + sex + first cell-type PC); contrast extracted via marginaleffects package","Double-exposed vs control contrast only (single-exposed vs control not significant for this site); n=91 reflects the full multivariable model (double-exposed n=30, single-exposed n=31, control n=30) from which this pairwise contrast was extracted via marginaleffects, not an isolated 2-group test — treat as distinct from studies with separately-run subgroup tests; effect_size (0.22) is a regression beta on M-value scale, not percent methylation or beta-value; association attenuated to non-significant (FDR) after adjusting for postnatal ACEs in the same modeling framework — genuine finding of the study, not a quality issue; cross-sectional, retrospective ACE reporting; small sample",10.1038/s41598-024-78035-9
Kertes_2017,BDNF,cg24249411 (intergenic; upstream exon 1),stress,"Maternal war trauma exposure score (rape, refugee status, armed conflict) during pregnancy, ethnographic interview; eastern DRC conflict region",blood,maternal venous blood,24,hypo,-3.86,0.02,"Illumina HumanMethylation450 BeadChip (bisulfite); beta regression coefficient (not %methylation); no infant-sex covariate (maternal tissue)","No discrete control group — continuous stress-score regression; FDR q=.09; R2=.22; near putative CTCF binding peak",10.1186/s13148-017-0367-x
Kertes_2017,BDNF,cg16257091 (core promoter; upstream exon 2),stress,"Maternal war trauma exposure score during pregnancy, ethnographic interview; eastern DRC conflict region",blood,maternal venous blood,24,hypo,-3.07,0.05,"Illumina HumanMethylation450 BeadChip (bisulfite); beta regression coefficient (not %methylation)","No discrete control group; FDR q=.15; R2=.17; putative GATA1 binding site; this CpG shows opposite direction in placenta and cord blood (see other rows) — tissue-specific reversal",10.1186/s13148-017-0367-x
Kertes_2017,BDNF,cg16257091 (core promoter; upstream exon 2),stress,"Maternal war trauma exposure score during pregnancy, ethnographic interview; eastern DRC conflict region",other,placental tissue (fetal cotyledon),24,hyper,2.08,0.02,"Illumina HumanMethylation450 BeadChip (bisulfite); beta regression coefficient (not %methylation); adjusted for infant sex","No discrete control group; FDR q=.27; R2=.18; putative GATA1 binding site; opposite direction to maternal venous blood at same CpG",10.1186/s13148-017-0367-x
Kertes_2017,BDNF,cg16257091 (core promoter; upstream exon 2),stress,"Maternal war trauma exposure score during pregnancy, ethnographic interview; eastern DRC conflict region",blood,umbilical cord blood,23,hyper,4.82,0.02,"Illumina HumanMethylation450 BeadChip (bisulfite); beta regression coefficient (not %methylation); adjusted for infant sex","No discrete control group; FDR q=.27; R2=.21; putative GATA1 binding site; opposite direction to maternal venous blood at same CpG",10.1186/s13148-017-0367-x
Kertes_2017,BDNF,cg07704699 (intragenic; upstream exon 2),stress,"Maternal war trauma exposure score during pregnancy, ethnographic interview; eastern DRC conflict region",blood,umbilical cord blood,23,hypo,-2.93,0.01,"Illumina HumanMethylation450 BeadChip (bisulfite); beta regression coefficient (not %methylation); adjusted for infant sex","No discrete control group; FDR q=.27; R2=.25; putative Tfcp2l1 binding site",10.1186/s13148-017-0367-x
Kertes_2017,BDNF,cg04106006 (proximal promoter/intragenic; upstream exon 2),stress,"Maternal war trauma exposure score during pregnancy, ethnographic interview; eastern DRC conflict region",blood,maternal venous blood,24,hypo,-1.92,0.03,"Illumina HumanMethylation450 BeadChip (bisulfite); beta regression coefficient (not %methylation)","No discrete control group; FDR q=.11; R2=.19; also nominally associated with chronic stress at this same CpG/tissue (see separate row)",10.1186/s13148-017-0367-x
Kertes_2017,BDNF,cg10635145 (proximal promoter/intragenic; upstream exon 2),stress,"Maternal war trauma exposure score during pregnancy, ethnographic interview; eastern DRC conflict region",other,placental tissue (fetal cotyledon),24,hyper,1.93,0.03,"Illumina HumanMethylation450 BeadChip (bisulfite); beta regression coefficient (not %methylation); adjusted for infant sex","No discrete control group; FDR q=.28; R2=.19",10.1186/s13148-017-0367-x
Kertes_2017,BDNF,cg06684850 (proximal promoter/intragenic; upstream exon 2),stress,"Maternal war trauma exposure score during pregnancy, ethnographic interview; eastern DRC conflict region",blood,maternal venous blood,24,hypo,-3.73,0.05,"Illumina HumanMethylation450 BeadChip (bisulfite); beta regression coefficient (not %methylation)","No discrete control group; FDR q=.15; R2=.16; multiple putative TFBs (N-Myc, Myc, AhR, Arnt, HIF-1, USF2); also nominally associated with chronic stress at this same CpG/tissue (see separate row)",10.1186/s13148-017-0367-x
Kertes_2017,BDNF,cg12448003 (proximal promoter/intragenic; upstream exon 2),stress,"Maternal war trauma exposure score during pregnancy, ethnographic interview; eastern DRC conflict region",blood,maternal venous blood,24,hypo,-18.16,0.01,"Illumina HumanMethylation450 BeadChip (bisulfite); beta regression coefficient (not %methylation)","No discrete control group; FDR q=.09; R2=.26; multiple putative TFBs (N-Myc, Myc, AhR, Arnt, HIF-1, USF1, USF2, BHLHB2); contains CRE-like cAMP response element",10.1186/s13148-017-0367-x
Kertes_2017,BDNF,cg25412831 (intragenic; upstream exon 3),stress,"Maternal war trauma exposure score during pregnancy, ethnographic interview; eastern DRC conflict region",blood,maternal venous blood,24,hypo,-5.61,0.03,"Illumina HumanMethylation450 BeadChip (bisulfite); beta regression coefficient (not %methylation)","No discrete control group; FDR q=.17; R2=.18; no known TFB",10.1186/s13148-017-0367-x
Kertes_2017,BDNF,cg26949694 (intragenic; upstream exon 3),stress,"Maternal war trauma exposure score during pregnancy, ethnographic interview; eastern DRC conflict region",blood,maternal venous blood,24,hypo,-3.13,0.02,"Illumina HumanMethylation450 BeadChip (bisulfite); beta regression coefficient (not %methylation)","No discrete control group; FDR q=.09; R2=.23; putative CTCF/Tfcp2l1 sites; opposite direction to placenta at same CpG (see chronic stress row)",10.1186/s13148-017-0367-x
Kertes_2017,BDNF,cg17413943 (intragenic; upstream exon 4),stress,"Maternal war trauma exposure score during pregnancy, ethnographic interview; eastern DRC conflict region",blood,umbilical cord blood,23,hypo,-8.15,0.003,"Illumina HumanMethylation450 BeadChip (bisulfite); beta regression coefficient (not %methylation); adjusted for infant sex","No discrete control group; FDR q=.18; R2=.33; putative Tfcp2l1 binding site",10.1186/s13148-017-0367-x
Kertes_2017,BDNF,cg11806762 (intragenic; upstream exon 4),stress,"Maternal war trauma exposure score during pregnancy, ethnographic interview; eastern DRC conflict region",blood,maternal venous blood,24,hyper,7.46,0.002,"Illumina HumanMethylation450 BeadChip (bisulfite); beta regression coefficient (not %methylation)","No discrete control group; FDR q=.05; R2=.34; no known TFB",10.1186/s13148-017-0367-x
Kertes_2017,BDNF,cg26840770 (proximal promoter/intragenic; upstream exon 4),stress,"Maternal war trauma exposure score during pregnancy, ethnographic interview; eastern DRC conflict region",other,placental tissue (fetal cotyledon),24,hypo,-11.97,0.03,"Illumina HumanMethylation450 BeadChip (bisulfite); beta regression coefficient (not %methylation); adjusted for infant sex","No discrete control group; FDR q=.28; R2=.21; putative CTCF/Pol2/POU3F2/STAT5A sites; previously identified in rodent brain and human stress-disorder studies",10.1186/s13148-017-0367-x
Kertes_2017,BDNF,cg15914769 (intragenic; upstream exon 5),stress,"Maternal war trauma exposure score during pregnancy, ethnographic interview; eastern DRC conflict region",blood,umbilical cord blood,23,hyper,17.97,0.03,"Illumina HumanMethylation450 BeadChip (bisulfite); beta regression coefficient (not %methylation); adjusted for infant sex","No discrete control group; FDR q=.28; R2=.17; no known TFB",10.1186/s13148-017-0367-x
Kertes_2017,BDNF,cg10558494 (proximal promoter/intragenic; upstream exon 8),stress,"Maternal war trauma exposure score during pregnancy, ethnographic interview; eastern DRC conflict region",other,placental tissue (fetal cotyledon),24,hyper,5.27,0.01,"Illumina HumanMethylation450 BeadChip (bisulfite); beta regression coefficient (not %methylation); adjusted for infant sex","No discrete control group; FDR q=.12; R2=.17; no known TFB",10.1186/s13148-017-0367-x
Kertes_2017,BDNF,cg15313332 (proximal promoter/intragenic; upstream exon 8),stress,"Maternal war trauma exposure score during pregnancy, ethnographic interview; eastern DRC conflict region",other,placental tissue (fetal cotyledon),24,hyper,7.14,0.002,"Illumina HumanMethylation450 BeadChip (bisulfite); beta regression coefficient (not %methylation); adjusted for infant sex","No discrete control group; FDR q=.06; R2=.22; no known TFB",10.1186/s13148-017-0367-x
Kertes_2017,BDNF,cg25962210 (core promoter/intragenic; upstream exon 8),stress,"Maternal war trauma exposure score during pregnancy, ethnographic interview; eastern DRC conflict region",other,placental tissue (fetal cotyledon),24,hyper,9.61,0.001,"Illumina HumanMethylation450 BeadChip (bisulfite); beta regression coefficient (not %methylation); adjusted for infant sex","No discrete control group; FDR q=.06; R2=.30; putative Esrrb binding site (stress regulation + placental development); also significant for chronic stress at this same CpG/tissue, same direction (see separate row)",10.1186/s13148-017-0367-x
Kertes_2017,BDNF,cg27193031 (intragenic; upstream exon 9),stress,"Maternal war trauma exposure score during pregnancy, ethnographic interview; eastern DRC conflict region",other,placental tissue (fetal cotyledon),24,hyper,4.48,0.05,"Illumina HumanMethylation450 BeadChip (bisulfite); beta regression coefficient (not %methylation); adjusted for infant sex","No discrete control group; FDR q=.38 (did not survive at moderate-confidence threshold); R2=.12; putative Esrrb/Tfcp2l1 sites",10.1186/s13148-017-0367-x
Kertes_2017,BDNF,cg09492354 (intragenic; upstream exon 9),stress,"Maternal war trauma exposure score during pregnancy, ethnographic interview; eastern DRC conflict region",other,placental tissue (fetal cotyledon),24,hypo,-11.32,0.02,"Illumina HumanMethylation450 BeadChip (bisulfite); beta regression coefficient (not %methylation); adjusted for infant sex","No discrete control group; FDR q=.27; R2=.20; CAUTION — absolute methylation at this site very low (4-5%), authors flag interpretation caution; putative CTCF/Pol2-4H8 sites; opposite direction to cord blood at same CpG",10.1186/s13148-017-0367-x
Kertes_2017,BDNF,cg09492354 (intragenic; upstream exon 9),stress,"Maternal war trauma exposure score during pregnancy, ethnographic interview; eastern DRC conflict region",blood,umbilical cord blood,23,hyper,9.46,0.03,"Illumina HumanMethylation450 BeadChip (bisulfite); beta regression coefficient (not %methylation); adjusted for infant sex","No discrete control group; FDR q=.28; R2=.19; CAUTION — absolute methylation at this site very low (4-5%), authors flag interpretation caution; opposite direction to placenta at same CpG",10.1186/s13148-017-0367-x
Kertes_2017,BDNF,cg20108357 (intragenic; upstream exon 9),stress,"Maternal war trauma exposure score during pregnancy, ethnographic interview; eastern DRC conflict region",blood,umbilical cord blood,23,hyper,1.74,0.05,"Illumina HumanMethylation450 BeadChip (bisulfite); beta regression coefficient (not %methylation); adjusted for infant sex","No discrete control group; FDR q=.42 (did not survive at moderate-confidence threshold); R2=.15; no known TFB",10.1186/s13148-017-0367-x
Kertes_2017,BDNF,cg05189570 (intragenic; upstream exon 11),stress,"Maternal war trauma exposure score during pregnancy, ethnographic interview; eastern DRC conflict region",blood,maternal venous blood,24,hyper,4.75,0.02,"Illumina HumanMethylation450 BeadChip (bisulfite); beta regression coefficient (not %methylation)","No discrete control group; FDR q=.09; R2=.23; no known TFB",10.1186/s13148-017-0367-x
Kertes_2017,BDNF,cg16257091 (core promoter; upstream exon 2),stress,"Maternal chronic stress score (socioeconomic/socioemotional stressors) during pregnancy, ethnographic interview; eastern DRC conflict region",blood,umbilical cord blood,23,hyper,5.80,0.01,"Illumina HumanMethylation450 BeadChip (bisulfite); beta regression coefficient (not %methylation); adjusted for infant sex","No discrete control group; FDR q=.19; R2=.26; putative GATA1 binding site; only CpG that survived FDR for chronic stress specifically",10.1186/s13148-017-0367-x
Kertes_2017,BDNF,cg01225698 (proximal promoter/intragenic; upstream exon 2),stress,"Maternal chronic stress score during pregnancy, ethnographic interview; eastern DRC conflict region",blood,umbilical cord blood,23,hyper,6.70,0.05,"Illumina HumanMethylation450 BeadChip (bisulfite); beta regression coefficient (not %methylation); adjusted for infant sex","No discrete control group; FDR q=.32 (did not survive at moderate-confidence threshold); R2=.15; putative Sp1 binding site; previously associated with child maltreatment in other studies",10.1186/s13148-017-0367-x
Kertes_2017,BDNF,cg04106006 (proximal promoter/intragenic; upstream exon 2),stress,"Maternal chronic stress score during pregnancy, ethnographic interview; eastern DRC conflict region",blood,maternal venous blood,24,hypo,-1.88,0.03,"Illumina HumanMethylation450 BeadChip (bisulfite); beta regression coefficient (not %methylation)","No discrete control group; FDR q=.85 (did not survive); R2=.19; same CpG/tissue also significant for war trauma, same direction (see separate row) — shared variance between stressors, not additive per authors' post-hoc model comparison",10.1186/s13148-017-0367-x
Kertes_2017,BDNF,cg06684850 (proximal promoter/intragenic; upstream exon 2),stress,"Maternal chronic stress score during pregnancy, ethnographic interview; eastern DRC conflict region",blood,maternal venous blood,24,hypo,-4.28,0.02,"Illumina HumanMethylation450 BeadChip (bisulfite); beta regression coefficient (not %methylation)","No discrete control group; FDR q=.85 (did not survive); R2=.21; same CpG/tissue also significant for war trauma, same direction (see separate row) — shared variance between stressors, not additive",10.1186/s13148-017-0367-x
Kertes_2017,BDNF,cg26949694 (intragenic; upstream exon 3),stress,"Maternal chronic stress score during pregnancy, ethnographic interview; eastern DRC conflict region",other,placental tissue (fetal cotyledon),24,hyper,1.70,0.05,"Illumina HumanMethylation450 BeadChip (bisulfite); beta regression coefficient (not %methylation); adjusted for infant sex","No discrete control group; FDR q=.42 (did not survive); R2=.15; putative CTCF/Tfcp2l1 sites; opposite direction to maternal venous blood at same CpG (see war trauma row)",10.1186/s13148-017-0367-x
Kertes_2017,BDNF,cg25962210 (core promoter/intragenic; upstream exon 8),stress,"Maternal chronic stress score during pregnancy, ethnographic interview; eastern DRC conflict region",other,placental tissue (fetal cotyledon),24,hyper,8.15,0.02,"Illumina HumanMethylation450 BeadChip (bisulfite); beta regression coefficient (not %methylation); adjusted for infant sex","No discrete control group; FDR q=.42 (did not survive); R2=.20; putative Esrrb binding site; also significant for war trauma at this same CpG/tissue, same direction (see separate row)",10.1186/s13148-017-0367-x
Kertes_2017,BDNF,cg09492354 (intragenic; upstream exon 9),stress,"Maternal chronic stress score during pregnancy, ethnographic interview; eastern DRC conflict region",other,placental tissue (fetal cotyledon),24,hypo,-10.78,0.04,"Illumina HumanMethylation450 BeadChip (bisulfite); beta regression coefficient (not %methylation); adjusted for infant sex","No discrete control group; FDR q=.42 (did not survive); R2=.17; CAUTION — absolute methylation at this site very low (4-5%); opposite direction to cord blood at same CpG",10.1186/s13148-017-0367-x
Kertes_2017,BDNF,cg09492354 (intragenic; upstream exon 9),stress,"Maternal chronic stress score during pregnancy, ethnographic interview; eastern DRC conflict region",blood,umbilical cord blood,23,hyper,9.34,0.05,"Illumina HumanMethylation450 BeadChip (bisulfite); beta regression coefficient (not %methylation); adjusted for infant sex","No discrete control group; FDR q=.32 (did not survive); R2=.15; CAUTION — absolute methylation at this site very low (4-5%); opposite direction to placenta at same CpG",10.1186/s13148-017-0367-x
Kertes_2017,BDNF,cg15014679 (intragenic; upstream exon 10),stress,"Maternal chronic stress score during pregnancy, ethnographic interview; eastern DRC conflict region",blood,umbilical cord blood,23,hyper,5.56,0.05,"Illumina HumanMethylation450 BeadChip (bisulfite); beta regression coefficient (not %methylation); adjusted for infant sex","No discrete control group; FDR q=.32 (did not survive); R2=.13; no known TFB",10.1186/s13148-017-0367-x
Kertes_2017,BDNF,cg07238832 (intragenic; upstream exon 11),stress,"Maternal chronic stress score during pregnancy, ethnographic interview; eastern DRC conflict region",blood,umbilical cord blood,23,hyper,4.33,0.04,"Illumina HumanMethylation450 BeadChip (bisulfite); beta regression coefficient (not %methylation); adjusted for infant sex","No discrete control group; FDR q=.32 (did not survive); R2=.17; no known TFB",10.1186/s13148-017-0367-x
Nazzari_2026,BDNF,"promoter region upstream exon IV; PC1 composite of 4 CpG sites (specific CpGs not identified in main text, see Supplementary Table 1, not available); 11 candidate CpGs span chr11:27723096-27723219",stress,"Maternal trait anxiety (STAI-T) during pregnancy as proxy for chronic prenatal stress, assessed postpartum; effect conditional on residential green space exposure (300m buffer around prenatal address)",other,buccal cells,110,hyper,0.38,0.014,"targeted bisulfite PCR + NGS (Illumina NextSeq500); PCA-derived composite (varimax rotation, 4 CpGs, 22.4% variance explained); simple slope analysis following significant moderation","GxE/moderation design, not a direct stress-methylation association: overall main effect of maternal anxiety on BDNF DNAm was NOT significant (beta=0.06, p=.53); direction and p-value reported here are for the SIGNIFICANT SIMPLE SLOPE at low (-1SD) green space exposure only. At high (+1SD) green space, slope was non-significant and opposite in sign (beta=-0.18, p=.17) — not coded as 'mixed' since this slope carries no significant evidence, per convention also used for Rivera_2024. Interaction term itself: beta=-0.28, p=.008 (this is the moderation p-value, distinct from the association p-value used above). Effect specific to 300m buffer; not significant at 500m (p=.06) or 1000m (p=.09), though direction consistent. PC2 (3 CpGs) showed no significant main or interactive effects — see separate null row. Cross-sectional at birth; maternal anxiety measured postpartum as proxy for prenatal trait (high test-retest stability, r=.86, cited to justify this proxy). Analytic n fluctuates ~105-109 across models (N=3 outliers >3SD excluded); enrolled cohort n=110. Scope note: central finding is an environmental moderator (green space) of the anxiety-methylation link, not a direct unconditional stress-methylation association.",10.1038/s41380-025-03379-1
Nazzari_2026,BDNF,"promoter region upstream exon IV; PC2 composite of 3 CpG sites (specific CpGs not identified in main text, see Supplementary Table 1, not available); 11 candidate CpGs span chr11:27723096-27723219",stress,"Maternal trait anxiety (STAI-T) during pregnancy as proxy for chronic prenatal stress, assessed postpartum; tested for moderation by residential green space exposure (300m buffer)",other,buccal cells,110,no_change,NaN,0.44,"targeted bisulfite PCR + NGS (Illumina NextSeq500); PCA-derived composite (varimax rotation, 3 CpGs, 20% variance explained); hierarchical linear regression","No significant main effect of maternal anxiety (beta=-0.04, p=.68) and no significant anxiety x green space interaction (beta=0.08, p=.44) for this component. Null result included for completeness alongside the significant PC1 finding (see separate row) to avoid selective reporting bias in the dataset. Analytic n fluctuates ~105-109 across models; enrolled cohort n=110.",10.1038/s41380-025-03379-1
Braithwaite_2015,NR3C1,"exon 1F promoter, 10 CpG sites across 2 assays (CpG1-10), includes NGFI-A transcription factor binding site at CpG8-9; chr5:143404011-143404147 (hg38)",stress,"Maternal prenatal depressive symptoms (EPDS>=10 vs <10) assessed 2nd/3rd trimester; TRANSGENERATIONAL DESIGN - exposure measured in mother, methylation measured in infant buccal cells at ~2 months postnatal age; SEX-STRATIFIED - effect significant in males only (significant depression x sex interaction b=-0.350 p=.017)",other,buccal epithelial cells,25,hyper,NaN,0.044,"bisulfite pyrosequencing (PyroMark Q24)","MALE SUBGROUP ROW. Reported statistic is unstandardized regression coefficient (b=2.147) not % methylation difference - effect_size left NaN. CpG-level exploratory analyses showed near-significant effects in opposite directions by sex at CpG2 (trend in males, p=.067) and CpG9 (trend in females, p=.066) - not captured at this region-mean level.",10.1080/15592294.2015.1039221
Braithwaite_2015,NR3C1,"exon 1F promoter, 10 CpG sites across 2 assays (CpG1-10), includes NGFI-A transcription factor binding site at CpG8-9; chr5:143404011-143404147 (hg38)",stress,"Maternal prenatal depressive symptoms (EPDS>=10 vs <10) assessed 2nd/3rd trimester; TRANSGENERATIONAL DESIGN - exposure measured in mother, methylation measured in infant buccal cells at ~2 months postnatal age; SEX-STRATIFIED - no significant effect in females",other,buccal epithelial cells,32,no_change,NaN,NaN,"bisulfite pyrosequencing (PyroMark Q24)","FEMALE SUBGROUP ROW. Exact p-value for female-only main effect not independently reported by authors beyond the overall significant sex-interaction term; classified no_change based on non-significant simple slope for females.",10.1080/15592294.2015.1039221
Braithwaite_2015,BDNF,"promoter IV, 5 CpG sites, adjacent to CREB transcription factor binding site at CpG3; chr11:27701519-27701826 (hg38)",stress,"Maternal prenatal depressive symptoms (EPDS>=10 vs <10) assessed 2nd/3rd trimester; TRANSGENERATIONAL DESIGN - exposure measured in mother, methylation measured in infant buccal cells at ~2 months postnatal age; no significant sex interaction (both sexes affected)",other,buccal epithelial cells,57,hypo,NaN,0.013,"bisulfite pyrosequencing (PyroMark Q24)","Mean methylation across 5 CpGs decreased with maternal depression exposure (b=-2.590). Effect driven primarily by CpG3, adjacent to CREB binding site (b=-3.244, p=.002 at single-CpG level). Direction is OPPOSITE to prior animal literature on prenatal stress and Bdnf IV (which shows hypermethylation) - authors flag this as a notable species/direction discrepancy worth citing in your Discussion. Maternal cortisol did NOT predict this effect (both stressor-response and diurnal AUC cortisol non-significant), suggesting depression effect is not glucocorticoid-mediated.",10.1080/15592294.2015.1039221
Unternaehrer_2012,BDNF,"exon VI CpG island (10 of 12 CpG units analyzed post-QC), near 3' end of exon VI, within CpG island spanning exons V/Vh/VI",stress,"ACUTE laboratory-induced psychosocial stress (Trier Social Stress Test); within-subject repeated measures at pre-stress, 10min post-stress, and 90min follow-up; NOT chronic stress/trauma - single acute stressor design; NO unstressed control group",blood,whole blood leukocytes,76,no_change,NaN,0.271,"bisulfite PCR + Sequenom EpiTYPER (MassARRAY)","No significant overall effect of sampling time on mean BDNF methylation (F(2,1098)=1.31 p=.271; blood-cell-adjusted F(2,1523)=0.87 p=.418). 1 of 10 individual CpG units showed a significant time effect but did not survive at region-mean level. Cohort is elderly (age 61-67, born 1942-1947) with high likelihood of early WWII-related adversity exposure - population confound to note. CONSIDER: this is acute stress reactivity, a different construct from the chronic stress/trauma studies dominating this dataset's stress arm - may warrant exclusion or a separate acute-stress flag rather than pooling with trauma studies for the directional-consistency analysis. Companion finding in same paper (OXTR1 hypermethylation post-stress, p<.001) is OUT OF SCOPE - not one of the three target genes.",10.1038/tp.2012.77